<?xml version="1.0" encoding="UTF-8"?>
<metadata>
  <identifier>TheAvengersThemeSong</identifier>
  <mediatype>audio</mediatype>
  <collection>opensource_audio</collection>
  <description>The Avengers Theme</description>
  <scanner>Internet Archive HTML5 Uploader 1.6.3</scanner>
  <subject>Avengers</subject>
  <title>The Avengers Theme Song</title>
  <publicdate>2016-09-10 21:02:48</publicdate>
  <uploader>aftershockgamingorion@gmail.com</uploader>
  <addeddate>2016-09-10 21:02:48</addeddate>
  <curation>[curator]validator@archive.org[/curator][date]20160910210311[/date][comment]checked for malware[/comment]</curation>
  <backup_location>ia906206_19</backup_location>
</metadata>
