<?xml version="1.0" encoding="UTF-8"?>
<files>
  <file name="The Avengers Theme Song.afpk" source="derivative">
    <format>Columbia Peaks</format>
    <original>The Avengers Theme Song.mp3</original>
    <mtime>1473541415</mtime>
    <size>26472</size>
    <md5>77003983dabed14fc376460e893fe177</md5>
    <crc32>76bc6b76</crc32>
    <sha1>33369442a991242976b25c1cc7375d0b5432fce6</sha1>
  </file>
  <file name="The Avengers Theme Song.mp3" source="original">
    <mtime>1473541368</mtime>
    <size>1977522</size>
    <md5>d10ee16a76ee6de2cf8b9f4a3e4ba3d8</md5>
    <crc32>2a4cd61f</crc32>
    <sha1>fc32bef3d5e4d9dec4c9de8a292a22c37ae227fd</sha1>
    <format>VBR MP3</format>
    <length>123.56</length>
    <height>0</height>
    <width>0</width>
  </file>
  <file name="The Avengers Theme Song.ogg" source="derivative">
    <format>Ogg Vorbis</format>
    <original>The Avengers Theme Song.mp3</original>
    <mtime>1473541400</mtime>
    <size>1389734</size>
    <md5>68cd592342709875e4b37f649c4657ad</md5>
    <crc32>c4f109af</crc32>
    <sha1>4fad8f7f499f8b939198998cf5cdbe9371fcd918</sha1>
    <length>123.56</length>
    <height>0</height>
    <width>0</width>
  </file>
  <file name="The Avengers Theme Song.png" source="derivative">
    <format>PNG</format>
    <original>The Avengers Theme Song.mp3</original>
    <mtime>1473541410</mtime>
    <size>12708</size>
    <md5>da054229ae82609aa65cfc2dbf0d0bc3</md5>
    <crc32>d7fa557b</crc32>
    <sha1>f8e9035f389c25f8fa711e5ec9ceb0ab06314bcf</sha1>
  </file>
  <file name="TheAvengersThemeSong_archive.torrent" source="metadata">
    <btih>acf0091d789a533255c5871a004d0136f4ff5711</btih>
    <mtime>1485831426</mtime>
    <size>2398</size>
    <md5>50810896af81a9a3fbd11cd8646a5bde</md5>
    <crc32>c5e4a901</crc32>
    <sha1>8124015662cd6f6143b846becaa23bf2ca4b88f6</sha1>
    <format>Archive BitTorrent</format>
  </file>
  <file name="TheAvengersThemeSong_files.xml" source="original">
    <format>Metadata</format>
    <md5>d2be56fd24896fdb62b6c7a4bf343596</md5>
  </file>
  <file name="TheAvengersThemeSong_meta.sqlite" source="original">
    <mtime>1473541383</mtime>
    <size>9216</size>
    <md5>55f6d354edd23e3d847b7927b275cb7a</md5>
    <crc32>18cf44b3</crc32>
    <sha1>1af9eeeade615ec9b6606a227d8d8a99c5fe7771</sha1>
    <format>Metadata</format>
  </file>
  <file name="TheAvengersThemeSong_meta.xml" source="original">
    <mtime>1485831425</mtime>
    <size>688</size>
    <format>Metadata</format>
    <md5>96897ef25fc15f39c574e24bd4026f67</md5>
    <crc32>9d4ea200</crc32>
    <sha1>a0e12c2d38f91f6cbf6cc6dae5d49163c0b50ef2</sha1>
  </file>
</files>
